{"cameraMode":{"drawMode":0,"name":"Shaded","section":"Shading Mode"},"sceneLighting":false,"audioPlay":false,"sceneViewState":{"showFog":false,"showMaterialUpdate":false,"showSkybox":false,"showFlares":false,"showImageEffects":false,"showParticleSystems":false},"in2DMode":false,"pivot":{"x":-7.718742370605469,"y":15.345232009887696,"z":-1.6696395874023438},"rotation":{"x":-0.03692348301410675,"y":-0.9550889730453491,"z":0.13498158752918244,"w":-0.2612651288509369},"size":57.64535140991211,"orthographic":false}