{"cameraMode":{"drawMode":0,"name":"Shaded","section":"Shading Mode"},"sceneLighting":false,"audioPlay":false,"sceneViewState":{"showFog":false,"showMaterialUpdate":false,"showSkybox":false,"showFlares":false,"showImageEffects":false,"showParticleSystems":false},"in2DMode":false,"pivot":{"x":-2.259999990463257,"y":1.003000020980835,"z":39.060001373291019},"rotation":{"x":-0.0496123842895031,"y":0.9498046636581421,"z":-0.20035570859909059,"w":-0.23515501618385316},"size":4.923607349395752,"orthographic":false}